patient_id,gene_A,gene_B
1,0.5847709944697455,0.5377730555368577
2,0.45778190511534134,0.5515524926250884
3,0.6668955714831609,0.3736658158613956
4,0.08847514971424975,0.15713786341295732
5,0.6347833252577061,0.5091290348773883
6,0.2398694496210112,0.950068432984646
7,0.6150920430144717,0.9381425383978141
8,0.491968284942637,0.8193338418456688
9,0.7736900237508504,0.9715277824044698
10,0.36544268715504136,0.20547149686982935
